NovelsName,NormalizedName
Addam Marbrand,Addam Marbrand
Addison Hill,Addison Hill
Adrack Humble,Adrack Humble
Aegon Frey,Aegon Frey (son of Stevron)
Aegon II Targaryen,Aegon II Targaryen
Aegon III Targaryen,Aegon III Targaryen
Aegon IV Targaryen,Aegon IV Targaryen
Aegon Targaryen,
Aegon The Conqueror,Aegon I Targaryen
Aegon the Conqueror,Aegon I Targaryen
Aegon V Targaryen,Aegon V Targaryen
Aegor Rivers,Aegor Rivers
Aelinor Targayren,Aelinor Penrose
Aemon Costayne,Aemon Costayne
Aemon Rivers,Aemon Rivers
Aemon Targaryen,Aemon Targaryen
Aemon the Dragonknight,Aemon Targaryen (son of Viserys II)
Aemond Targaryen,Aemond Targaryen
Aenar Targaryen,Aenar Targaryen
Aenys Frey,Aenys Frey
Aenys Targaryen,Aenys I Targaryen
Aerion Targaryen,Aerion Targaryen
Aeron Greyjoy,Aeron Greyjoy
Aerys I Targaryen,Aerys I Targaryen
Aerys II Targaryen,Aerys II Targaryen
Aethan,Aethan
Aewin Targaryen,
Aggar,Aggar
Aggo,Aggo
Aladale Wynch,Aladale Wynch
Alan of Rosby,Alan of Rosby
Alannys Harlaw,Alannys Harlaw
Alaric of Eysen,Alaric of Eysen
Alayaya,Alayaya
Albar Royce,Albar Royce
Albett,Albett
Alebelly,Alebelly
Alerie Hightower,Alerie Hightower
Alesander Frey,Alesander Frey
Alesander Staedmon,Alesander Staedmon
Alesandor Torrent,Alesandor Torrent
Alester Florent,Alester Florent
Alester Oakheart,Alester Oakheart
Alf of Runnymudd,Alf of Runnymudd
Alfyn Crowkiller,Alfyn Crowkiller
Alia of Bravos,Alia of Braavos
Alio,Alios Qhaedar
Alla Tyrell,Alla Tyrell
Allaquo,Allaquo
Allar Deem,Allar Deem
Allard Seaworth,Allard Seaworth
Alleras,Alleras
Alliser Thorne,Alliser Thorne
Allyria Dayne,Allyria Dayne
Alvyn Sharp,Alvyn Sharp
Alyce,Alyce
Alyce Graceford,Alyce Graceford
Alyn,Alyn
Alyn Ambrose,Alyn Ambrose
Alyn Connington,Alyn Connington
Alyn Hunt,Alyn Hunt
Alyn Orkwood,Alyn Orkwood
Alyn Stackspear,Alyn Stackspear
Alyn Velaryon,Alyn Velaryon
Alynne Connington,Alynne Connington
Alys Karstark,Alys Karstark
Alys Waynwood,Alys Arryn
Alysane Mormont,Alysane Mormont
Alysanne Bulwer,Alysanne Bulwer
Alysanne Targaryen,Alysanne Targaryen
Alysanne Tarth,Alysanne of Tarth
Alyse Ladybright,Alyse Ladybright
Alyssa Arryn,Alyssa Arryn
Alyssa Blackwood,Alyssa Blackwood
Alyx Frey,Alyx Frey
Amabel,Amabel
Amarei Crakehall,Amarei Crakehall
Ambrode,Ambrode
Ambrose Butterwell,Ambrose Butterwell
Amerei Frey,Amerei Frey
Ami Frey,Amerei Frey
Amory Lorch,Amory Lorch
Andar Royce,Andar Royce
Anders Yronwood,Anders Yronwood
Andrew Estermont,Andrew Estermont
Andrey Charlton,Andrey Charlton
Andrey Dalt,Andrey Dalt
Andrik,Andrik
Andros Brax,Andros Brax
Anguy,Anguy
Antario Jast,Antario Jast
Anvil Ryn,Anvil Ryn
Anya Waynwood,Anya Waynwood
Archibald Yronwood,Archibald Yronwood
Archmaester Benedict,Benedict
Archmaester Ebrose,Ebrose
Archmaester Mollos,Mollos
Archmaester Perestan,Perestan
Archmaester Rigney,Rigney
Archmaester Ryam,Ryam
Archmaester Vaellyn,Vaellyn
Archmaester Walgrave,Walgrave
Ardrian Celtigar,Ardrian Celtigar
Areo Hotah,Areo Hotah
Arianne Martell,Arianne Martell
Arianne Tarth,Arianne Tarth
Armen,Armen
Armond Connington,Armond Connington
Arnolf Karstark,Arnolf Karstark
Aron Santagar,Aron Santagar
Arron,Arron
Arron Qorgyle,Arron Qorgyle
Arryk,Arryk
Arryk Cargyll,Arryk Cargyll
Arson Iceaxe,Arson Iceaxe
Arthor Karstark,Arthor Karstark
Arthur Ambrose,Arthur Ambrose
Arthur Dayne,Arthur Dayne
Artos Flint,Artos Flint
Artos Stark,Artos Stark
Artys Arryn,Artys I Arryn
Arwood Frey,Arwood Frey
Arwyn Frey,Arwyn Frey
Arwyn Oakheart,Arwyn Oakheart
Arya Stark,Arya Stark
Arys Oakheart,Arys Oakheart
Ash,Ash
Asha Greyjoy,Asha Greyjoy
Ashara Dayne,Ashara Dayne
Assadora,Assadora of Ibben
Aurane Waters,Aurane Waters
Axell Florent,Axell Florent
Azor Ahai,Azor Ahai
Bael the Bard,Bael the Bard
Baelor Blacktyde,Baelor Blacktyde
Baelor Breakspear,Baelor Targaryen (son of Daeron II)
Baelor Hightower,Baelor Hightower
Baelor Targaryen,Baelor Targaryen
Balaq,Black Balaq
Balman Byrch,Balman Byrch
Balon Greyjoy,Balon Greyjoy
Balon Swann,Balon Swann
Bandy,Bandy
Banfred Hightower,Manfred Hightower (Aegon's Conquest)
Bannen,Bannen
Baqq,Beans
Barba Bracken,Barba Bracken
Barbrey Dustin,Barbrey Dustin
Barra,Barra
Barristan Selmy,Barristan Selmy
Barsena,Barsena Blackhair
Barth,Barth (brewer)
Bartimus,Bartimus
Bass,Bass
Bayard Norcross,Bayard Norcross
Beans,Beans
Bearded Ben,Bearded Ben
Beardless Dick,Beardless Dick
Becca,Becca
Becca the Baker,Becca the Baker
Beck,Beck
bedmaid,
Bedwyck,Bedwyck
Belaquo,Belaquo Bonebreaker
Beldecar,Beldecar
Belicho Staegone,Belicho Staegone
Belis,Belis
Bella,Bella
Bellandra,Belandra
Bellegere Otherys,Bellegere Otherys
Bellonara Otherys,Bellonara Otherys
Belwas,Belwas
Ben Beesbury,Ben Beesbury
Ben Blackthumb,Ben Blackthumb
Ben Blackwood,Benjicot Blackwood
Ben Bones,Ben Bones
Ben Plumm,Ben Plumm
Benedar Belmore,Benedar Belmore
Benerro,Benerro
Benethon Scales,Benethon Scales
Benfred Tallhart,Benfred Tallhart
Benfrey Frey,Benfrey Frey
Benjen Stark,Benjen Stark
Beren Tallhart,Beren Tallhart
Berena Hornwood,Berena Hornwood
Beric Dondarrion,Beric Dondarrion
Beron,Beron
Beron Blacktyde,Beron Blacktyde
Beron Stark,Beron Stark
Bertram Beesbury,Bertram Beesbury
Bessa,Bessa
Beth Cassel,Beth Cassel
Bethany Blackwood,Bethany Blackwood
Bethany Fair-fingers,Bethany Fair-Fingers
Bethany Redwyne,Bethany Redwyne
Bethany Rosby,Bethany Rosby
Bethany Ryswell,Bethany Bolton
Bharbo,Bharbo
Big Belly Ben,Big Belly Ben
Big Ben Bushy,Ben Bushy
Big Boil,Big Boil
Big Walder,Walder Frey (son of Jammos)
Bill Bone,Old Bill Bone
Biter,Biter
Black Bernarr,Black Bernarr
Black Fist,Black Fist
Black Gerrold,Black Gerrold
Black Knife,Black Knife
Black Walder,Walder Frey (son of Ryman)
Blane,Blane
Blind Beqqo,Blind Beqqo
Blind Wyl,Wyl the Whittler
Bloodbeard,Bloodbeard
Bluetooth,Bluetooth
Blushing Bethany,Blushing Bethany
Bodger,Bodger
Bokkoko,Bokkoko
Bolton guard,
Bonifer Hasty,Bonifer Hasty
Books,Books
Borcas,Borcas
Boremund Harlaw,Boremund Harlaw
born in battle,
born-in-battle,
Boros Blount,Boros Blount
Borroq,Borroq
Bors,Bors
Bowen Marsh,Bowen Marsh
Boy,Boy
Bran Stark,Bran Stark
Brandon Norrey,Brandon Norrey
Brandon Stark,Brandon Stark
Brandon The Builder,Brandon Stark (Builder)
Brandon the Builder,Brandon Stark (Builder)
Brandon the Burner,Brandon Stark (Burner)
Brandon the Daughterless,Brandon Stark (the Daughterless)
Brandon the Shipwright,Brandon Stark (Shipwright)
Brea,Brea
Brella,Brella
Brendel Byrne,Brendel Byrne
Briar,Briar
Brienne Tarth,Brienne of Tarth
Brogg,Brogg
Broken Nose,
Bronn,Bronn
Brother Clement,Clement
Brother Gillam,Gillam
Brother Narbert,Narbert
Brother Rawney,Rawney
Brown Bernarr,Brown Bernarr
Brus Buckler,Brus Buckler
Brusco,Brusco
Bryan Fossoway,Bryan Fossoway
Bryan Votyris,Byan Votyris
Bryce Caron,Bryce Caron
Bryen,Bryen
Bryen Farring,Bryen Farring
Brynden Blackwood,Brynden Blackwood
Brynden Tully,Brynden Tully
Bump,Bump
Burton Crakehall,Burton Crakehall
Burton Humble,Burton Humble
Butterbumps,Butterbumps
Butts,Butts
Buu,Buu
Byam Flint,Byam Flint
Byron,
Byron Swann,Byron Swann
Cadwyl,Cadwyl
Caggo,Caggo
Calon,Calon
Camarron,Camarron of the Count
Canker Jeyne,Canker Jeyne
Canty,Canty
captain of Rob's Hammer,
captain of the Myraham,Captain of the Myraham
captain's daughter,
Carellen Smallwood,Carellen Smallwood
Carrot,Carrot
Cass,Cass
Cassana Estermont,Cassana Estermont
Casso Mogat,Casso Mogat
Catelyn Stark,Catelyn Stark
Cayn,Cayn
Cedra,Cedra
Cedric Payne,Cedric Payne
Cedrik Storm,Cedrik Storm
Cersei Baratheon,Cersei Lannister
Cersei Frey,Cersei Frey
Cetherys,Cetherys
Chataya,Chataya
Chayle,Chayle
Chella,Chella
Chett,Chett
Cheyk,Cheyk
Chiggen,Chiggen
Chiswyck,Chiswyck
Clarence Crabb,Clarence Crabb
Clarence the Short,Clarence Crabb (Short)
Clayton Suggs,Clayton Suggs
Clement Crabb,Clement Crabb
Clement Piper,Clement Piper
Cleon,Cleon
Cleon the Second,Cleon the Second
Cleos Frey,Cleos Frey
Cletus Yronwood,Cletus Yronwood
Cley Cerwyn,Cley Cerwyn
Clubfoot Karl,Clubfoot Karl
Clydas,Clydas
Coals,Coals
Cohollo,Cohollo
Coldhands,Coldhands
Collio Quaynis,Collio Quaynis
Colloquo Votar,Colloquo Votar
Conn,Conn
Conwy,Conwy
Coratt,Coratt
Corliss Penny,Corliss Penny
Cortnay Penrose,Cortnay Penrose
Cossomo the Conjurer,Cossomo the Conjurer
Cotter Pyke,Cotter Pyke
Courtenay Greenhill,Courtenay Greenhill
Crackbones,Crackbones
Cragorn,Cragorn
Crakehall messenger,
Craster,Craster
Craster wife 1,
Crawn,Crawn
Cregan Karstark,Cregan Karstark
Cregan Stark,Cregan Stark
Creighton Longbough,Creighton Longbough
Criston Cole,Criston Cole
Cromm,Cromm
Cuger,Cuger
Cutjack,Cutjack
Daario Naharis,Daario Naharis
Dacey Mormont,Dacey Mormont
Dacks,Dacks
Daegon Shepherd,Daegon Shepherd
Daemon Blackfyre,Daemon Blackfyre
Daemon Sand,Daemon Sand
Daena Targaryen,Daena Targaryen
Daenerys Targaryen,Daenerys Targaryen
Daenerys Targaryen 2,Daenerys Targaryen (daughter of Aegon IV)
Daeron I Targaryen,Daeron I Targaryen
Daeron II Targaryen,Daeron II Targaryen
Daeron Targaryen,
Dagmer Cleftjaw,Dagmer Cleftjaw
Dagon Codd,Dagon Codd
Dagon Greyjoy,Dagon Greyjoy
Dagon the Drunkard,Dagon Greyjoy (Drunkard)
Dagos Manwoody,Dagos Manwoody
Dake,Dake
Dale Seaworth,Dale Seaworth
Dale the Dread,
Dalla,Dalla
Damion Lannister,Damion Lannister
Damon,Damon Dance-for-Me
Damon Vypren,Damon Vypren
Dancy,Dancy
Danelle Lothston,Danelle Lothston
Dannel,Dannel
Danny Flint,Danny Flint
Danos Slynt,Danos Slynt
Danwell Frey,Danwell Frey
Dareon,Dareon
Daryn Hornwood,Daryn Hornwood
Daughter of the Dusk,Daughter of the Dusk
Daven Lannister,Daven Lannister
Davos Seaworth,Davos Seaworth
Dead Chett,Chett
Dead Hake,Hake
Dead Jafer Flowers,Jafer Flowers
Dead Lark,Lark
Dead Othor,Othor
Dead Paul,Small Paul
Dead Ryles,Ryles
Dead Softfoot,Softfoot
Dead Thistle,Thistle
Dead Torwynd,Torwynd
Dead Waymar,Waymar Royce
Del,Del
Delena Florent,Delena Florent
Delp,Delp
Dennet,Dennet
Denyo Terys,Denyo Terys
Denys Arryn,Denys Arryn
Denys Darklyn,Denys Darklyn
Denys Drumm,Denys Drumm
Denys Mallister,Denys Mallister
Denzo D'han,Denzo D'han
Dermot,Dermot of the Rainwood
Desmera Redwyne,Desmera Redwyne
Desmond,Desmond
Desmond Grell,Desmond Grell
Devan Seaworth,Devan Seaworth
Devyn Sealskinner,Devyn Sealskinner
Deziel Dalt,Deziel Dalt
Dhazzar,Dhazzar
Dick Cole,Dick Cole
Dick Crabb,Dick Crabb
Dick Follard,Dick Follard
Dick Straw,Dick Straw
Dickon Manwoody,Dickon Manwoody
Dickon Tarly,Dickon Tarly
Dilly,Dornish Dilly
Dirk,Dirk
Dobber,Dobber
Dolf,Dolf
Domeric Bolton,Domeric Bolton
Donal Noye,Donal Noye
Donel Greyjoy,Donel Greyjoy
Donella Hornwood,Donella Hornwood
Doniphos Paenymion,Doniphos Paenymion
Donnel,
Donnel Drumm,Donnel Drumm
Donnel Flint,Donnel Flint
Donnel Haigh,Donnel Haigh
Donnel Hill,Donnel Hill
Donnel Locke,Donnel Locke
Donnel Swann,Donnel Swann
Donnel Waynwood,Donnel Waynwood
Donnis,Donnis
Dontos Hollard,Dontos Hollard
Doran Martell,Doran Martell
Dorcas,Dorcas
Dorea Sand,Dorea Sand
Doreah,Doreah
Dormund,Dormund
Dorna Swyft,Dorna Swyft
Dorren Stark,Dorren Stark
Draqaz,Draqaz
Drennan,Drennan
Drogo,Drogo
Droopeye Dale,Droopeye Dale
Dryn,Dryn
Duncan Liddle,Duncan Liddle
Duncan Targaryen,Duncan Targaryen
Duncan the Tall,Duncan the Tall
Dunsen,Dunsen
Dunstan Drumm,Dunstan Drumm
Duram Bar Emmon,Duram Bar Emmon
Duran,Duran
Durran Godsgrief,Durran Godsgrief
dusky woman,Dusky woman
Dyah,Dyah
Dykk Harlaw,Dykk Harlaw
Dywen,Dywen
Easy,Easy
Ebben,Ebben
Eddard Karstark,Eddard Karstark
Eddard Stark,Eddard Stark
Eddison Tollett,Eddison Tollett
Edgar Yronwood,Edgar Yronwood
Edgerran Oakheart,Edgerran Oakheart
Edmund Ambrose,Edmund Ambrose
Edmund Waxley,Edmund Waxley
Edmure Tully,Edmure Tully
Edric Dayne,Edric Dayne
Edric Storm,Edric Storm
Edrick Stark,Edrick Stark
Edwyd Fossoway,Edwyd Fossoway
Edwyn Frey,Edwyn Frey
Eggon,Eggon
Egon Emeros,Egon Emeros
Eladon Goldenhair,Eladon Goldenhair
Elbert Arryn,Elbert Arryn
Elder Brother,Elder Brother
Eldiss,Eldiss
Eldon Estermont,Eldon Estermont
Eldred Codd,Eldred Codd
Elenei,Elenei
Eleyna Westerling,Eleyna Westerling
Elia Sand,Elia Sand
Elia Targaryen,Elia Martell
Elinor Tyrell,Elinor Tyrell
Ellaria Sand,Ellaria Sand
Ellyn Reyne,Ellyn Reyne
Ellyn Tarbeck,Ellyn Reyne
Elmar Frey,Elmar Frey
Elwood,Elwood
Elwood Harte,Elwood Harte
Elwood Meadows,Elwood Meadows
Elyas Willum,Elyas Willum
Elys Waynwood,Elys Waynwood
Elys Westerling,Elys Westerling
Emma,Emma
Emmett,Emmett
Emmon Cuy,Emmon Cuy
Emmon Frey,Emmon Frey
Emmond,Emmond
Emrick,Emrick
Endehar,Endehar
Endrew Tarth,Endrew Tarth
Enger,Enger
Eon Hunter,Eon Hunter
Erena Glover,Erena Glover
Erik Ironmaker,Erik Ironmaker
Ermesande Hayford,Ermesande Hayford
Eroeh,Eroeh
Erreg the Kinslayer,Erreg the Kinslayer
Errok,Errok
Erryk,Erryk
Erryk Cargyll,Erryk Cargyll
Ethan Glover,Ethan Glover
Euron Greyjoy,Euron Greyjoy
Eustace,
Eustace Brune,Eustace Brune
Ezzara,Ezzara
Ezzelyno,Ezzelyno
Fair Walda,Walda Frey (daughter of Walton)
Falia Flowers,Falia Flowers
Falyse Stokeworth,Falyse Stokeworth
Farlen,Farlen
Fat Tom,Tomard
Fat Walda,Walda Frey (daughter of Merrett)
Fern,Fern
Ferny,Ferny
Fingers,Fingers
Flement Brax,Flement Brax
Fletcher Dick,Fletcher Dick
Fletcher Will,Fletcher Will
Florian,Florian the Fool
Florian the Fool,Florian the Fool
Fogo,Fogo
Forley Prester,Forley Prester
Fornio,Fornio
Fralegg,Fralegg
Franklyn Flowers,Franklyn Flowers
Franklyn Fowler,Franklyn Fowler
Frenya,Frenya
Frey scout,
Frynne,Frynne
Fulk the Flea,Fulk the Flea
Gage,Gage
Galazza Galare,Galazza Galare
Galbart Glover,Galbart Glover
Galendro,Galendro
Galladon Tarth,Galladon Tarth
Galt,Galt
Galyeon of Cuy,Galyeon of Cuy
gaoler,
Gared,Gared
Garigus,Garigus
Garin,Garin (orphan)
Garin the Great,Garin the Great
Gariss,Gariss
Garlan Tyrell,Garlan Tyrell
Garrett Greenspear,Garrett Greenspear
Garrett Paege,Garrett Paege
Garrison Prester,Garrison Prester
Garse,Garse
Garse Goodbrook,Garse Goodbrook
Garth,Garth
Garth Greenfield,Garth Greenfield
Garth Greenhand,Garth Greenhand
Garth Greyfeather,Garth Greyfeather
Garth of Greenaway,Garth of Greenaway
Garth of Oldtown,Garth of Oldtown
Garth Tyrell,Garth Tyrell
Garth XII Gardener,Garth XII Gardener
Gawen Glover,Gawen Glover
Gawen Westerling,Gawen Westerling
Gawen Wylde,Gawen Wylde
Gella,Gella
Gelmarr,Gelmarr
Gendel,Gendel
Gendry,Gendry
Genna Lannister,Genna Lannister
Gerald Gower,Gerald Gower
Gerion Lannister,Gerion Lannister
Germund Botley,Germund Botley
Gerold Dayne,Gerold Dayne
Gerold Grafton,Gerold Grafton
Gerold Hightower,Gerold Hightower
Gerren,Gerren
Gerrick Kingsblood,Gerrick Kingsblood
Gerris Drinkwater,Gerris Drinkwater
Gerrold Redback,Gerrold Redback
Gevin Harlaw,Gevin Harlaw
Ghael,Ghael
Ghost of High Heart,Ghost of High Heart
Gilly,Gilly
Gilwood Hunter,Gilwood Hunter
Ginger Jack,Ginger Jack
girl,
Gladden Wylde,Gladden Wylde
Glendon Hewett,Glendon Hewett
Goady,Goady
Godric Borrell,Godric Borrell
Godry Farring,Godry Farring
Godwyn,Godwyn
Goghor,Goghor the Giant
Gold cloak officer,
Goodwife Maerie,Goodwife Maerie
Goodwin,Goodwin
Gormond Drumm,Gormond Drumm
Gormond Goodbrother,Gormond Goodbrother
Gorne,Gorne
Gorold Goodbrother,Gorold Goodbrother
Gorys Edoryen,Gorys Edoryen
Gowen Baratheon,Gowen Baratheon
Gran Goodbrother,Gran Goodbrother
Grand Maester Ellendor,Ellendor
Grand Maester Gerardys,Gerardys
Grand Maester Hareth,Hareth (Grand Maester)
Grand Maester Kaeth,Kaeth
Grand Maester Merion,Merion
grandfather of Sandor,
Grazdan 2,
Grazdan 3,
Grazdan 4,
Grazdan mo Eraz,Grazdan mo Eraz
Grazdan mo Ullhor,Grazdan mo Ullhor
Grazdan zo Galare,Grazdan zo Galare
Grazhar,Grazhar zo Galare
Greatjon Umber,Jon Umber
Green Gergen,Green Gergen
Gregor Clegane,Gregor Clegane
Grenn,Grenn
Gretchel,Gretchel
Grey Worm,Grey Worm
Greydon Goodbrother,Greydon Goodbrother
Grigg the Goat,Grigg the Goat
Grimtongue,Grimtongue
Grisel,Grisel
Grisella,Grisella
Groleo,Groleo
Grubbs,Grubbs
Grunt,Grunt
Gueren,Gueren
Gulian Swann,Gulian Swann
Guncer Sunglass,Guncer Sunglass
Gunthor,Gunthor
Gurn,Gurn
Guthor Grimm,Guthor Grimm
Guyard Morrigen,Guyard Morrigen
Gwayne Corbray,Gwayne Corbray
Gwayne Gaunt,Gwayne Gaunt
Gwin Goodbrother,Gwin Goodbrother
Gwynesse Harlaw,Gwynesse Harlaw
Gwyneth Yronwood,Gwyneth Yronwood
Gylbert Farwynd,Gylbert Farwynd
Gyleno Dothare,Gyleno Dothare
Gyles,Gyles
Gyles Belgrave,Gyles Belgrave
Gyles Grafton,Gyles Grafton
Gyles Rosby,Gyles Rosby
Gylo Rhegan,Gylo Rhegan
Gyloro Dothare,Gyloro Dothare
Gynir Rednose,Gynir Rednose
Gysella Goodbrother,Gysella Goodbrother
Haereg,Haereg
Hagen the Horn,Hagen the Horn
Haggo,Haggo
Haggon,Haggon
Hairy Hal,Hairy Hal
Hake,Hake
Hal Mollen,Hallis Mollen
Hal the Hog,Hal the Hog
Halder,Halder
Haldon,Haldon
Hali,Hali
Halleck,Halleck
Hallis Mollen,Hallis Mollen
Hallyne,Hallyne
Halys Hornwood,Halys Hornwood
Hamish the Harper,Hamish the Harper
Hammer,Hammer
Harghaz,Harghaz
Harlan Grandison,Harlan Grandison
Harlan Hunter,Harlan Hunter
Harle the Handsome,Harle the Handsome
Harle the Huntsman,Harle the Huntsman
Harlon Greyjoy,Harlon Greyjoy
Harlon Stark,Harlon Stark
Harma,Harma
Harman Uller,Harmen Uller
Harmen Uller,Harmen Uller
Harmond Umber,Harmond Umber
Harmund Sharp,Harmund Sharp
Harra,Harra
Harrag Hoare,Harrag Hoare
Harrag Sharp,Harrag Sharp
Harras Harlaw,Harras Harlaw
Harren Botley,Harren Botley
Harren Half-Hoare,Harren Half-Hoare
Harren Hoare,Harren Hoare
Harrion Karstark,Harrion Karstark
Harrold Hardyng,Harrold Hardyng
Harry Rivers,Harry Rivers
Harry Sawyer,Harry Sawyer
Harry Strickland,Harry Strickland
Harsley,Harsley
Harwin,Harwin
Harwood Fell,Harwood Fell
Harwood Stout,Harwood Stout
Harwyn Plumm,Harwyn Plumm
Harys Cobb,Harys Cobb
Harys Haigh,Harys Haigh
Harys Swyft,Harys Swyft
Hayhead,Hayhead
Hazrak the Handsome,Hazrak zo Loraq
Hazzea,Hazzea
Helly,Helly
Helman Tallhart,Helman Tallhart
Helya,Helya
Hempen Dan,Dan
Hendry Bracken,Hendry Bracken
Henk the Helm,Henk the Helm
Henly,
Herbert Bolling,Herbert Bolling
Hero,Hero
Heward,Heward
Hibald,Hibald
High Septon 0,
High Septon 1,
High Septon 2,
High Septon 3,
Hildy,Hildy
Hilmar Drumm,Hilmar Drumm
Hizdahr zo Loraq,Hizdahr zo Loraq
Hoarfrost Umber,Hoarfrost Umber
Hobb,Hobb Three-Finger
Hobber Redwyne,Hobber Redwyne
Hod,Hod
Hodor,Hodor
Hoke,Hoke
Holger,Holger
Holly,Holly
Hookface Will,Hookface Will
Hop-Bean,Hop-Bean
Hop-Robin,Hop-Robin
Horas Redwyne,Horas Redwyne
Horonno,Horonno
Horse,Hareth (Mole's Town)
Horton Redfort,Horton Redfort
Hosteen Frey,Hosteen Frey
Hoster Blackwood,Hoster Blackwood
Hoster Tully,Hoster Tully
Hot Harry Merrell,Harry Merrell
Hot Pie,Hot Pie
Hother Umber,Hother Umber
Hotho Harlaw,Hotho Harlaw
Howd Wanderer,Howd Wanderer
Howland Reed,Howland Reed
Hubard Rambton,Hubard Rambton
Hugh Beesbury,Hugh Beesbury
Hugh Clifton,Hugh Clifton
Hugh Grandison,Hugh Grandison
Hugh Hungerford,Hugh Hungerford
Hugh of the Vale,Hugh of the Vale
Hugo Vance,Hugo Vance
Hugo Wull,Hugo Wull
Hugor of the Hill,Hugor of the Hill
Hullen,Hullen
Humfrey Clifton,Humfrey Clifton
Humfrey Hewett,Humfrey Hewett
Humfrey Swyft,Humfrey Swyft
Humfrey Wagstaff,Humfrey Wagstaff
Humfrey Waters,Humfrey Waters
Husband,Husband
Hyle Hunt,Hyle Hunt
Iggo,Iggo
Illifer,Illifer
Illyrio Mopatis,Illyrio Mopatis
Ilyn Payne,Ilyn Payne
Imry Florent,Imry Florent
Inkpots,Tybero Istarion
innkeep of Lordsport,
Ironbelly,Ironbelly
Irri,Irri
Ithoke,Ithoke
Izembaro,Izembaro
Jace,Jace (Night's Watch)
Jacelyn Bywater,Jacelyn Bywater
Jack,
Jack Bulwer,Jack Bulwer
Jack Crabb,Jack Crabb
Jack Musgood,Jack Musgood
Jacks,Jacks
Jaehaerys I Targaryen,Jaehaerys I Targaryen
Jaehaerys II Targaryen,Jaehaerys II Targaryen
Jafer Flowers,Jafer Flowers
Jaggot,Jaggot
Jaime Lannister,Jaime Lannister
Jalabhar Xho,Jalabhar Xho
Jammos Frey,Jammos Frey
Janna Fossoway,Janna Tyrell
Janna Tyrell,Janna Tyrell
Janos Slynt,Janos Slynt
Jaqen H'ghar,Jaqen H'ghar
Jared Flowers,Jafer Flowers
Jared Frey,Jared Frey
Jaremy Rykker,Jaremy Rykker
Jarl,Jarl
Jarman Buckwell,Jarman Buckwell
Jason Mallister,Jason Mallister
Jasper Arryn,Jasper Arryn
Jasper Waynwood,Jasper Waynwood
Jate,Jate
Jate Blackberry,Jate Blackberry
Jax,Jax
Jayde,Jayde
Jeffory Mallister,Jeffory Mallister
Jeffory Norcross,Jeffory Norcross
Jennelyn Fowler,Jennelyn Fowler
Jenny of Oldstones,Jenny of Oldstones
Jeor Mormont,Jeor Mormont
Jeren,Jeren
Jeyne Darry,Jeyne Darry
Jeyne Farman,Jeyne Farman
Jeyne Fowler,Jeyne Fowler
Jeyne Heddle,Jeyne Heddle
Jeyne Poole,Jeyne Poole
Jeyne Swann,Jeyne Swann
Jeyne Targaryen,Jeyne Westerling (wife of Maegor I)
Jeyne Westerling,Jeyne Westerling
Jez,Jez
Jezhene,Jezhene
Jhaqo,Jhaqo
Jhiqui,Jhiqui
Jhogo,Jhogo
Joanna Lannister,Joanna Lannister
Jocelyn Swyft,Jocelyn Swyft
Jodge,Jodge
Joffrey Baratheon,Joffrey Baratheon
Jojen Reed,Jojen Reed
Jommo,Jommo
Jommy,Jommy
Jon Arryn,Jon Arryn
Jon Bettley,Jon Bettley
Jon Connington,Jon Connington
Jon Fossoway,Jon Fossoway
Jon Heddle,Jon Heddle
Jon Hollard,Jon Hollard
Jon Lynderly,Jon Lynderly
Jon Myre,Jon Myre
Jon Pox,Jon Pox
Jon Snow,Jon Snow
Jonelle Cerwyn,Jonelle Cerwyn
Jonos Bracken,Jonos Bracken
Jonothor Darry,Jonothor Darry
Jonquil,Jonquil
Jorah Mormont,Jorah Mormont
Joramun,Joramun
Jorelle Mormont,Jorelle Mormont
Jory Cassel,Jory Cassel
Joseth,Joseth
Josmyn Peckledon,Josmyn Peckledon
Joss,Joss
Joss Stilwood,Joss Stilwood
Joss the Gloom,Joss the Gloom
Josua Willum,Josua Willum
Joth,Joth Quickbow
Jothos Slynt,Jothos Slynt
Joy Hill,Joy Hill
Joyeuse Erenford,Joyeuse Erenford
Justin Massey,Justin Massey
Jyck,Jyck
Jynessa Blackmont,Jynessa Blackmont
Jyzene,Jyzene
Karlon Stark,Karlon Stark
Karyl Vance,Karyl Vance
Kasporio,Kasporio
Kedge,Kedge Whiteye
Kegs,Kegs
Kella,Kella
Kem,Kem
Kemmett Pyke,Kemmett Pyke
Kenned,Kenned the Whale
Kennet,Kennet (Flea Bottom)
Kennos,Kennos of Kayce
Kerwin,Kerwin
Ketter,Ketter
Kevan Lannister,Kevan Lannister
Kezmya,Kezmya Pahl
Khorane Sathmantes,Khorane Sathmantes
Khrazz,Khrazz
King Brandon Stark,Brandon Stark
King Cutthroat,King Cutthroat
King Jon Stark,Jon Stark
King Rickard Stark,Rickard Stark
King Rodrik Stark,Rodrik Stark
King Sherrit,Sherrit
King Theon Stark,Theon Stark
King Torrhen Stark,Torrhen Stark
knight in the spiked helm,
knight of solemn mien,
Knight of the Red Chicken,Knight of the Red Chicken
Kojja Mo,Kojja Mo
Korra,Korra
Koss,Koss
Kraznys mo Nakloz,Kraznys mo Nakloz
Kromm,Kromm
Kurleket,Kurleket
Kurz,Kurz
Kyle,Kyle
Kyle Royce,Kyle Royce
Kyleg,Kyleg of the Wooden Ear
Kyra,Kyra
Lacey,Lacey
Lady Deddings,Lady Deddings
Lady Jordayne,Myria Jordayne
Lady of the Leaves,Lady of the Leaves
Lady Rykker,
Lady Shella,Shella
Lambert Turnberry,Lambert Turnberry
Lambert Whitewater,Lambert Whitewater
Lamprey,Lamprey
Lancel Lannister,Lancel Lannister
Lann the Clever,Lann the Clever
Lanna,
Larence Snow,Larence Snow
Lark,Lark the Sisterman
Larra Blackmont,Larra Blackmont
Larraq,Larraq
Laswell Peake,Laswell Peake
Layna,Layna
Leaf,Leaf
Leathers,Leathers
Left Hand Lew,Left Hand Lew
Lem,Lem
Lemore,Lemore
Lenn,Lenn
Lennocks,Lennocks
Lenwood Tawney,Lenwood Tawney
Lenyl,Lenyl
Leo Lefford,Leo Lefford
Leo Tyrell,
Leobald Tallhart,Leobald Tallhart
Leona Manderly,Leona Woolfield
Leonette Fossoway,Leonette Fossoway
Leslyn,Leslyn
Leslyn Haigh,Leslyn Haigh
Lester,Lester
Lester Morrigen,Lester Morrigen
Lew,Lew
Lewis Lanster,Lewis Lanster
Lewyn Martell,Lewyn Martell
Lewys,
Lewys Lydden,Lewys Lydden
Lewys Piper,Lewys Piper
Leyton Hightower,Leyton Hightower
Lharys,Lharys
Liddle man,
Likely Luke,Likely Luke
Lister,Lister
Little Matt,Matt
Little Walder,Walder Frey (son of Merrett)
Lollys Stokeworth,Lollys Stokeworth
Lomas Longstrider,Lomas Longstrider
Lommy Greenhands,Lommy Greenhands
Long Lew,Long Lew
Longwater Pyke,Longwater Pyke
Loras Tyrell,Loras Tyrell
Lord Belgrave,Lord Belgrave
Lord Blackwood,
Lord Borrell,Lord Borrell (father of Godric)
Lord Bracken,Lord Bracken
Lord Cafferen,Lord Cafferen
Lord Caswell,Lord Caswell
Lord Cerwyn,
Lord Chyttering,Chyttering (father of Lucos)
Lord Commander Hoare,Lord Commander Hoare
Lord Commander Qorgyle,Lord Commander Qorgyle
Lord Corbray,
Lord Crakehall,
Lord Darry,
Lord Deddings,Lord Deddings
Lord Deremond,Deremond
Lord Dondarrion,
Lord Estermont,
Lord Farman,
Lord Fell,Lord Fell
Lord Goodbrook,
Lord Grandison,Lord Grandison
Lord Harroway,
Lord Lothston,
Lord Mooton,
Lord of Godsgrace,
Lord Penrose,Lord Penrose
Lord Roote,Lucas Roote
Lord Ryswell,Lord Ryswell (Night's Watch)
Lord Serrett,Lord Serrett
Lord Slate,Lord Slate
Lord Swann,
Lord Whent,
Lord Willum,Lord Willum
Lord Wobblecheeks,Ghazdor zo Ahlaq
Loren Lannister,Loren I Lannister
Lorent Caswell,Lorent Caswell
Loreza Sand,Loreza Sand
Lorimer the Belly,Lorimer the Belly
Lormelle Long Lance,Lormelle Long Lance
Loron Greyjoy,Loron Greyjoy
Lorren,Black Lorren
Lorren Longaxe,Lorren Longaxe
Lothar Frey,Lothar Frey
Lothar Mallery,Lothar Mallery
Lotho Lornel,Lotho Lornel
Lothor Brune,Lothor Brune
Loyal Spear,Loyal Spear
Lucamore Strong,Lucamore Strong
Lucan,Lucan
Lucantine Woodwright,Lucantine Woodwright
Lucas Blackwood,Lucas Blackwood
Lucas Codd,Lucas Codd
Lucas Lothston,Lucas Lothston (father of Manfryd)
Lucas Roote,Lucas Roote
Lucias Vypren,Lucias Vypren
Lucifer Hardy,Lucifer Hardy
Lucifer Long,Lucifer Long
Luco Prestayn,Luco Prestayn
Lucos Chyttering,Lucos Chyttering
Luke of Longtown,Luke of Longtown
Lum,Lum
Luthor Tyrell,Luthor Tyrell
Luton,Luton
Lyanna Mormont,Lyanna Mormont
Lyanna Stark,Lyanna Stark
Lyessa Flint,Lyessa Flint
Lyle Crakehall,Lyle Crakehall
Lyman Darry,Lyman Darry
Lymond Goodbrook,Lymond Goodbrook
Lymond Lychester,Lymond Lychester
Lymond Pease,Lymond Pease
Lymond Vikary,Lymond Vikary
Lyn Corbray,Lyn Corbray
Lync,Lync
Lynesse Hightower,Lynesse Hightower
Lyonel Corbray,Lyonel Corbray
Lyonel Selmy,Lyonel Selmy
Lyonel Tyrell,Lyonel Tyrell (lord)
Lyra Mormont,Lyra Mormont
Lysa Arryn,Lysa Arryn
Lysono Maar,Lysono Maar
Lythene Frey,Lythene Frey
Mace Tyrell,Mace Tyrell
Mad Axe,Mad Axe
Maddy,Maddy
Maege Mormont,Maege Mormont
Maegor the Cruel,Maegor I Targaryen
Maekar Targaryen,Maekar I Targaryen
Maelys Blackfyre,Maelys Blackfyre
Maerie the Whore,Maerie the Whore
Maester Aethelmure,Aethelmure
Maester Ballabar,Ballabar
Maester Brenett,Brenett
Maester Caleotte,Caleotte
Maester Colemon,Colemon
Maester Cressen,Cressen
Maester Denestan,Denestan
Maester Erreck,Erreck
Maester Frenken,Frenken
Maester Gormon,Gormon Tyrell
Maester Gulian,Gulian
Maester Harmune,Harmune
Maester Helliweg,Helliweg
Maester Joseran,Joseran
Maester Kedry,Kedry
Maester Kym,Kym
Maester Luwin,Luwin
Maester Malleon,Malleon
Maester Medrick,Medrick
Maester Mullin,Mullin
Maester Munkun,Munkun
Maester Murenmure,Murenmure
Maester Myles,Myles
Maester Ottomore,Ottomore
Maester Pycelle,Pycelle
Maester Pylos,Pylos
Maester Qalen,Qalen
Maester Rhodry,Rhodry
Maester Roone,Roone
Maester Theomore,Theomore
Maester Thomax,Thomax
Maester Tothmure,Tothmure
Maester Turquin,Turquin
Maester Uthor,Uthor
Maester Vyman,Vyman
Maester Walys,Walys Flowers
Maester Willamen,Willamen Frey
Mag the Mighty,Mag Mar Tun Doh Weg
Maggy the Frog,Maggy the Frog
Magister Ordello,Ordello
Mago,Mago
Maisie,Maisie
Malaquo Maegyr,Malaquo Maegyr
Mallador Locke,Mallador Locke
Malliard,Malliard
Mallor,Mallor
Malo Jayn,Malo Jayn
Mance Rayder,Mance Rayder
Mandon Moore,Mandon Moore
Manfred Swann,Manfred Swann
Manfrey Martell,Manfrey Martell
Manfryd Lothston,Manfryd Lothston
Manfryd Merlyn,Manfryd Merlyn
Manfryd Yew,Manfryd Yew
Manly Stokeworth,Manly Stokeworth
Marei,Marei
Margaery Tyrell,Margaery Tyrell
Marghaz zo Loraq,Marghaz zo Loraq
Marianne Frey,Merianne Frey
Maric Seaworth,Maric Seaworth
Marillion,Marillion
Marissa Frey,Marissa Frey
Mariya Darry,Mariya Darry
Mark Mullendore,Mark Mullendore
Mark Ryswell,Mark Ryswell
Marlon Manderly,Marlon Manderly
Maron Botley,Maron Botley
Maron Greyjoy,Maron Greyjoy
Maron Martell,Maron Martell
Maron Volmark,Maron Volmark
Marq Grafton,Marq Grafton
Marq Mandrake,Marq Mandrake
Marq Piper,Marq Piper
Marq Rankenfell,Marq Rankenfell
Marselen,Marselen
Marsh King,
Martyn Cassel,Martyn Cassel
Martyn Lannister,Martyn Lannister
Martyn Rivers,Martyn Rivers
Marwyn,Marwyn
Marwyn Belmore,Marwyn Belmore
Marya Seaworth,Marya Seaworth
Masha Heddle,Masha Heddle
Maslyn,Maslyn
Matarys Targaryen,Matarys Targaryen
Mathis Rowan,Mathis Rowan
Mathos Mallarawan,Mathos Mallarawan
Matrice,Matrice
Matthar,Matthar
Matthos Seaworth,Matthos Seaworth
Mawney,Mawney
Mazdhan the Magnificent,Mazdhan zo Loraq
Mebble,Mebble Pinkeye
Medger Cerwyn,Medger Cerwyn
Medrick,Medrick
Meera Reed,Meera Reed
Megga Tyrell,Megga Tyrell
Meha,Meha
Meizo Mahr,Meizo Mahr
Mela,Mela
Melara Hetherspoon,Melara Hetherspoon
Meldred Merlyn,Meldred Merlyn
Melessa Florent,Melessa Florent
Meliana,Meliana
Melisandre,Melisandre
Melissa Blackwood,Melissa Blackwood
Mellario Martell,Mellario
Mellei,Mellei
Melly,Melly
Meralyn,Meralyn
Meredyth Crane,Meredyth Crane
Meribald,Meribald
Meris,Meris
Merling Queen,Merling Queen
Merlon Crakehall,Merlon Crakehall
Mern Gardener,Mern IX Gardener
Mero,Mero
Merrel,Merrel
Merrett Frey,Merrett Frey
Merrit,Merrit
Merry,Meralyn
Merry Crane,Meredyth Crane
Merry Frey,Merianne Frey
Meryn Trant,Meryn Trant
Methyso,Methyso
Mezzara,Mezzara Merreq
Michael Mertyns,Michael Mertyns
Mikken,Mikken
Miklaz,Miklaz
Minisa Tully,Minisa Whent
Mirri Maz Duur,Mirri Maz Duur
Missandei,Missandei
Mohor,Mohor
Mollander,Mollander
Mollono Yos Dob,Mollono Yos Dob
Monford Velaryon,Monford Velaryon
Monster,Monster
Monterys Velaryon,Monterys Velaryon
Moon Boy,Moon Boy
Moonshadow,Moonshadow
Moqorro,Moqorro
Mord,Mord
Moredo Prestayn,Moredo Prestayn
Moreo Tumitis,Moreo Tumitis
Morgan,Morgan
Morgan Liddle,Morgan Liddle
Morgarth,Morgarth
Morgo,Morgo
Moribald Chester,Moribald Chester
Morna White Mask,Morna White Mask
Moro,Moro
Morosh,Morosh the Myrman
Morra,Morra
Morrec,Morrec
Morros Slynt,Morros Slynt
Mors Manwoody,Mors Manwoody
Mors Martell,Mors Martell
Mors Umber,Mors Umber
Morton Waynwood,Morton Waynwood
Moryn Tyrell,Moryn Tyrell
Mossador,Mossador
Mother Mole,Mother Mole
mother of Barra,
Motho,Motho
Mudge,
Mully,Mully
Munciter,Munciter
Munda,Munda
Murch,Murch
Murch the huntsman,Murch (Winterfell)
Muttering Bill,Muttering Bill
Mya Stone,Mya Stone
Mycah,Mycah
Mychel Redfort,Mychel Redfort
Myles,Myles
Myles Manwoody,Myles Manwoody
Myles Mooton,Myles Mooton
Myles Smallwood,Myles Smallwood
Myles Toyne,Myles Toyne
Myranda Royce,Myranda Royce
Myrcella Baratheon,Myrcella Baratheon
Myria Jordayne,Myria Jordayne
Myriah Martell,Myriah Martell
Myrio Myrakis,Myrio Myrakis
Myrmello,Myrmello
Myrtle,Myrtle
Naerys Targaryen,Naerys Targaryen
Nage,Nage
Naggle,Naggle
Nail,Nail
naked serving girl,
Narbert Grandison,Narbert Grandison
Narbo,Narbo
Ned Woods,Ned Woods
Nella,Nella
Nestor Royce,Nestor Royce
Night's King,Night's King
Night's Watch guard,
Nissa Nissa,Nissa Nissa
Noho Dimittis,Noho Dimittis
Nolla,Nolla
Norbert Vance,Norbert Vance
Norjen,Norjen
Norne Goodbrother,Norne Goodbrother
Notch,Notch
Nurse,Nurse
Nute,Nute
Nyessos Vhossar,Nyessos Vhassar
Nymella Toland,Nymella Toland
Nymeria,Nymeria
Nymeria Sand,Nymeria Sand
Obara Sand,Obara Sand
Obella Sand,Obella Sand
Oberyn Martell,Oberyn Martell
Oberyn's Mother,
Ogo,Ogo
Old Henly,Old Henly
Old King Andahar,Andahar
Old Lord Dustin,
Old Nan,Nan
Old Pate,Old Pate
old slave,
Old Tattersalt,Old Tattersalt
old woman,
Olenna Redwyne,Olenna Redwyne
Ollidor,Ollidor
Ollo Lophand,Ollo Lophand
Olyvar Frey,Olyvar Frey
Olyvar Martell,Olyvar Martell
Olyvar Oakheart,Olyvar Oakheart
Omer Blackberry,Omer Blackberry
Ondrew Locke,Ondrew Locke
one-armed woman,
Oppo,Oppo
Orbelo,Orbelo
Orbert Caswell,Orbert Caswell
Orell,Orell
Orivel,Orivel
Orland of Oldtown,Orland of Oldtown
Ormond Yronwood,Ormond Yronwood
Ormund Wylde,Ormund Wylde
Orphan Ben,Ben
Orphan Jon Penny,Jon Penny
Orphan Oss,Orphan Oss
Orphan Pate,Pate (orphan)
Orphan Tansy,Tansy (orphan)
Orphan Wat,Wat (orphan)
Orphan Will,Will (orphan)
Orson Stone,Orson Stone
Orton Merryweather,Orton Merryweather
Osbert Serry,Osbert Serry
Osfryd Kettleblack,Osfryd Kettleblack
Osgood Arryn,Osgood Arryn
Osha,Osha
Osmund Kettleblack,Osmund Kettleblack
Osney Kettleblack,Osney Kettleblack
Osric Stark,Osric Stark
Ossifer Plum,Ossifer Plumm
Ossifer Plumm,Ossifer Plumm
Ossy,Ossy
Oswell Kettleblack,Oswell Kettleblack
Oswell Whent,Oswell Whent
Oswin Arryn,Oswin Arryn
Oswyn Longneck,Oswyn Longneck the Thrice-Hanged
Othell Yarwyck,Othell Yarwyck
Other 1,
Other 2,
Othor,Othor
Otter Gimpknee,Otter Gimpknee
Otto Hightower,Otto Hightower
Ottyn Wythers,Ottyn Wythers
Owen,Owen (knight)
Owen Inchfield,Owen Inchfield
Owen Merryweather,Owen Merryweather
Owen Norrey,Owen Norrey
Owen the Oaf,Owen the Oaf
Oznak zo Pahl,Oznak zo Pahl
Palla,Palla
Parmen Crane,Parmen Crane
Parquello Vaelaros,Parquello Vaelaros
Patchface,Patchface
Pate,
Pate of Lancewood,Pate of Lancewood
Pate of Mory,Pate of Mory
Pate of Sevenstreams,Tom of Sevenstreams
Pate of Shermer's Grove,Pate of Shermer's Grove
Patrek Mallister,Patrek Mallister
Paul,Small Paul
Paxter Redwyne,Paxter Redwyne
Pello,Greenbeard
Penny,Penny
Perkin Follard,Perkin Follard
Perros Blackmont,Perros Blackmont
Perwyn Frey,Perwyn Frey
Petyr Baelish,Petyr Baelish
Petyr Frey,Petyr Frey
Philip Foote,Philip Foote
Philip Plumm,Philip Plumm
Pia,Pia
Pinkeye,Mebble Pinkeye
plague face,Plague face
Podrick Payne,Podrick Payne
Pollitor,Pollitor
Polliver,Polliver
Pono,Pono
Porridge,Porridge
Porther,Porther
Portifer Woodwright,Portifer Woodwright
Poul Pemford,Poul Pemford
Poxy Tym,Poxy Tym
Praed,Praed
Prendahl na Ghezn,Prendahl na Ghezn
Preston Greenfield,Preston Greenfield
Princess Daeryssa,Daeryssa
Puckens,Puckens
Pudding Face,Gorzhak zo Eraz
Puddingfoot,Puddingfoot
Pyat Pree,Pyat Pree
Pyg,Pyg
Pyke guard,
Pylos,Pylos
Pynto,Pynto
Pypar,Pypar
Pytho Malanon,Pytho Malanon
Qarl,
Qarl Kenning,Qarl Kenning
Qarl Quickaxe,Qarl Quickaxe
Qarl Shepherd,Qarl Shepherd
Qarl the Maid,Qarl the Maid
Qarl the Thrall,Qarl the Thrall
Qarlton Chelsted,Qarlton Chelsted
Qavo Nogarys,Qavo Nogarys
Qezza,Qezza Galare
Qhorin Halfhand,Qhorin Halfhand
Qos,Qos
Qotho,Qotho
Quaithe,Quaithe of the Shadow
Quaro,Quaro
Queen Whore,Queen Whore
Quellon Greyjoy,Quellon Greyjoy
Quellon Humble,Quellon Humble
Quence,Quence
Quenn,Quenn
Quent,Quent
Quenten Banefort,Quenten Banefort
Quenton Greyjoy,Quenton Greyjoy
Quenton Hightower,Quenton Hightower
Quentyn Martell,Quentyn Martell
Quhuru Mo,Quhuru Mo
Quill,Quill
Quincy Cox,Quincy Cox
Quort,Quort
Qyburn,Qyburn
Qyle,Qyle
Raff the Sweetling,Rafford
Ragnor Pyke,Ragnor Pyke
Ragwyle,Ragwyle
Rakharo,Rakharo
Ralf Kenning,Ralf Kenning
Ralf of Lordsport,Ralf of Lordsport
Ralf Stonehouse,Ralf Stonehouse
Ralf the Limper,Ralf the Limper
Ralf the Shepherd,Ralf the Shepherd
Ralph Buckler,Ralph Buckler
Ramsay Snow,Ramsay Snow
Randa,Randa
Randyll Tarly,Randyll Tarly
Rast,Rast
Rattleshirt,Rattleshirt
Ravella Smallwood,Ravella Swann
Raymar Royce,Raymar Royce
Raymond Nayland,Raymond Nayland
Raymun Darry,Raymun Darry
Raymun Redbeard,Raymun Redbeard
Raymund Connington,Raymund Connington
Raymund Frey,Raymund Frey
Raynald Westerling,Raynald Westerling
Raynard Ruttiger,Raynard Ruttiger
Red Alyn,Red Alyn of the Rosewood
Red Lamb,Red Lamb
Red Roggo,Roggo
Red Walder,Walder Frey (son of Emmon)
Redfort,
Redwyn,Redwyn
Reek,Reek
Regenard Estren,Regenard Estren
Renfred Rykker,Renfred Rykker
Renly Baratheon,Renly Baratheon
Rennifer Longwaters,Rennifer Longwaters
Reysen,Reysen
Reyser,Reysen
Reznak mo Reznak,Reznak mo Reznak
Rhaegar Frey,Rhaegar Frey
Rhaegar Targaryen,Rhaegar Targaryen
Rhaella Targaryen,Rhaella Targaryen
Rhaelle Targaryen,Rhaelle Targaryen
Rhaenyra Targaryen,Rhaenyra Targaryen
Rhaenys I Targaryen,Rhaenys Targaryen
Rhaenys Targaryen,Rhaenys Targaryen (daughter of Rhaegar)
Rhodry,Rhodry
Rhogoro,Rhogoro
Ricasso,Ricasso
Richard Farrow,Richard Farrow
Richard Horpe,Richard Horpe
Richard Lonmouth,Richard Lonmouth
Rickard Karstark,Rickard Karstark
Rickard Ryswell,Rickard Ryswell
Rickard Stark,Rickard Stark
Rickon Stark,Rickon Stark
Robar Royce,Robar Royce
Robb Stark,Robb Stark
Robert Arryn,Robert Arryn
Robert Baratheon,Robert I Baratheon
Robert Blackwood,Robert Blackwood
Robert Flowers,Robert Flowers
Robert Strong,Robert Strong
Robett Glover,Robett Glover
Robin,Robin
Robin Flint,Robin Flint
Robin Greyjoy,Robin Greyjoy
Robin Hill,Robin Hill
Robin Hollard,Robin Hollard
Robin Moreland,Robin Moreland
Robin Peasebury,Robin Peasebury
Robin Potter,Robin Potter
Robin Ryger,Robin Ryger
Rodrik Cassel,Rodrik Cassel
Rodrik Flint,Rodrik Flint
Rodrik Freeborn,Rodrik Freeborn
Rodrik Greyjoy,Rodrik Greyjoy
Rodrik Harlaw,Rodrik Harlaw
Rodrik Ryswell,Rodrik Ryswell
Rodrik Sparr,Rodrik Sparr
Rodrik Stark,Rodrik Stark
Roger Hogg,Roger Hogg
Roger Ryswell,Roger Ryswell
Roggon Rustbeard,Roggon Rustbeard
Roland Crakehall,
Rolder,Rolder
Rolfe,Rolfe
Rolfe the Dwarf,Rolfe the Dwarf
Rollam Westerling,Rollam Westerling
Rolland Darklyn,Rolland Darklyn
Rolland Longthorpe,Rolland Longthorpe
Rolland Storm,Rolland Storm
Rolley,Rolley
Rolly Duckfield,Rolly Duckfield
Rolph Spicer,Rolph Spicer
Rommo,Rommo
Romny Weaver,Romny Weaver
Ronald Connington,Ronald Connington
Ronald Storm,Ronald Storm
Ronel Rivers,Ronel Rivers
Ronnel Arryn,Ronnel Arryn (son of Jasper)
Ronnel Harclay,Ronnel Harclay
Ronnet Connington,Ronnet Connington
Rook,Rook
Roone,Roone
Roose Bolton,Roose Bolton
Roose Ryswell,Roose Ryswell
Rorge,Rorge
Roro Uhoris,Roro Uhoris
Rory,Rory
Roryn the Reaver,Roryn Drumm
Rosamund Lannister,Rosamund Lannister
Rosey,Rosey
Roslin Frey,Roslin Frey
Rossart,Rossart
Rowan,Rowan
Rudge,Rudge
Rufus Leek,Rufus Leek
Runceford Redwyne,Runceford Redwyne
Runcel Hightower,Runcel Hightower
Rupert Brax,Rupert Brax
Rupert Crabb,Rupert Crabb
Rus,Rus
Russell Merryweather,Russell Merryweather
Rusty Flowers,Rusty Flowers
Ryam Florent,Ryam Florent
Ryam Redwyne,Ryam Redwyne
Ryger Rivers,Ryger Rivers
Ryk,Ryk
Ryles,Ryles
Rylona Rhee,Rylona Rhee
Ryman Frey,Ryman Frey
Rymolf Stormdrunk,Rymolf Stormdrunk
Rymund the Rhymer,Rymund the Rhymer
Ryon Allyrion,Ryon Allyrion
Saathos the Wise,Saathos the Wise
Salladhor Saan,Salladhor Saan
Sallor,Sallor the Bald
Sallor the Bald,Sallor the Bald
Salloreon,Salloreon
Sam Stone,Samwell Stone
Samwell Spicer,Samwell Spicer
Samwell Tarly,Samwell Tarly
Sandor Clegane,Sandor Clegane
Sansa Stark,Sansa Stark
Sarella Sand,Sarella Sand
Sarra Frey,Sarra Frey
Satin,Satin
Sawane Botley,Sawane Botley
Sawwood,Sawwood
Scales,Scales
Scar,Scar
Scarb,Scarb
Sealord of Braavos,
seamstress,
Sedgekins,Sedgekins
Selwyn Tarth,Selwyn Tarth
Selyse Baratheon,Selyse Florent
Selywyn Tarth,Selwyn Tarth
Senelle,Senelle
Septa Aglantine,Aglantine
Septa Donyse,Donyse
Septa Eglantine,Eglantine
Septa Lemore,Lemore
Septa Melicent,Melicent
Septa Moelle,Moelle
Septa Mordane,Mordane
Septa Nystercia,Nysterica
Septa Roelle,Roelle
Septa Saranella,Saranella
Septa Scolera,Scolera
Septa Unella,Unella
Septon 1,
Septon Barre,Barre
Septon Barth,Barth
Septon Bennet,Bennet
Septon Cellador,Cellador
Septon Chayle,Chayle
Septon Jorquen,Jorquen
Septon Luceon,Luceon Frey
Septon Lucos,Lucos
Septon Meribald,Meribald
Septon Murmison,Murmison
Septon Osmynd,Osmynd
Septon Raynard,Raynard
Septon Torbert,Torbert
Ser Arneld,Arneld
Ser Arnell,Arnell
Ser Cadwyn,Cadwyn
Ser Colen of Greenpools,Colen of Greenpools
Ser Dorden,Dorden the Dour
Ser Dudley,Dudley
Ser Dunaver,Dunaver
Ser Errol,Errold Stark
Ser Florian,
Ser Galladon of Morne,Galladon of Morne
Ser Gascoyne,Gascoyne of the Greenblood
Ser Harbert,Harbert
Ser Lyonel,Lyonel
Ser Malcolm,Malcolm
Ser Malegorn,Malegorn of Redpool
Ser Maynard,Maynard
Ser Morghil,
Ser Morgil,Morgil Hastwyck
Ser Ormond,Ormond
Ser Patrek,Patrek of King's Mountain
Ser Tallad,Tallad
Ser Tristimun,Tristimun
Ser Warren,Warren
Ser Wilbert,
Ser Willum,
Serala Darklyn,Serala of Myr
Serra,Serra
Serra Frey,Serra Frey
Serwyn of the Mirror Shield,Serwyn of the Mirror Shield
Shadd,Shadd
Shadrich,Shadrick
Shae,Shae
Shagga,Shagga
Shagwell,Shagwell the Fool
Sharna,Sharna
Shella Whent,Shella Whent
Shiera Seastar,Shiera Seastar
Shireen Baratheon,Shireen Baratheon
Shirei Frey,Shirei Frey
Shitmouth,Shitmouth
Shortear,Shortear
Shyra,Shyra
Shyra Errol,Shyra Errol
Sigfry Stonetree,Sigfry Stonetree
Sigfryd Harlaw,Sigfryd Harlaw
Sigorn,Sigorn
Sigrin,Sigrin
Silveraxe,Silveraxe Fell
Simon Toyne,Simon Toyne
Six-Toed Harl,Six-Toed Harl
Skahaz mo Kandaq,Skahaz mo Kandaq
Skinner,Skinner
Skittrick,Skittrick
Skyte,Skyte
Sloey,Sloey
Smalljon Umber,Jon Umber (son of Jon)
Snatch,Snatch
Snowylocks,Snowylocks
Softfoot,Softfoot
son Rambton B,
son Rambton C,
Soren Shieldbreaker,Soren Shieldbreaker
Sorrowful Man,
Sour Alyn,Sour Alyn
Spare Boot,Spare Boot
Spotted Pate,Spotted Pate
Squint,Squint
Squire Dallbridge,Dalbridge
Squire Sarsfield,Pimply squire
Squirrel,Squirrel
stableboy,
stableman,
Stafford Lannister,Stafford Lannister
Stalwart Shield,Stalwart Shield
Stannis Baratheon,Stannis Baratheon
Stannis Seaworth,Stannis Seaworth
Steelshanks Walton,Steelshanks Walton
Steelskin,Steelskin
Steffar Stammerer,Steffar Stammerer
Steffarion Sparr,Steffarion Sparr
Steffon Baratheon,Steffon Baratheon
Steffon Hollard,Steffon Hollard
Steffon Seaworth,Steffon Seaworth
Steffon Swyft,Steffon Swyft
Steffon Varner,Steffon Varner
Stevron Frey,Stevron Frey
steward of Deepwood Motte,
Stiv,Stiv
Stone Thumbs,Stone Thumbs
Stonehand,Stonehand
Stonesnake,Stonesnake
Stygg,Stygg
Styr,Styr
Su,Sky Blue Su
Sumner Crakehall,Sumner Crakehall
S'vrone,S'vrone
Sweets,Sweets
Sybassion,Sybassion
Sybell Westerling,Sybell Spicer
Sybelle Glover,Sybelle Glover
Sylas Flatnose,Sylas Flatnose
Sylas Sourmouth,Sylas Sourmouth
Sylva Santagar,Sylva Santagar
Symeon Star-Eyes,Symeon Star-Eyes
Symon Hollard,Symon Hollard
Symon Santagar,Symon Santagar
Symon Silver Tongue,Symon Silver Tongue
Symon Stripeback,Symon Stripeback
Symond Frey,Symond Frey
Symond Templeton,Symond Templeton
Syrio Forel,Syrio Forel
Taena Merryweather,Taena of Myr
Tagganaro,Tagganaro
Talbert Serry,Talbert Serry
Talea,Talea
Talla Tarly,Talla Tarly
Tallad,Tallad
Tanda Stokeworth,Tanda Stokeworth
Tansy,Tansy (innkeep)
Tanton Fossoway,Tanton Fossoway
Tarber,Tarber
Tarle,Tarle the Thrice-Drowned
Temmo,Temmo
Ternesio Terys,Ternesio Terys
Terrance Lynderly,Terrance Lynderly
Terrence Toyne,Terrence Toyne
Terro,Terro
The Alchemist,Alchemist
The Bastard of Uplands,Blackshield
The Beastmaster,Beastmaster
The Blue Bard,Wat
the brewer,Barth (brewer)
The Charioteer,Charioteer
the chief cook,
the crying girl,
The Demon of Darry,Demon of Darry
The Drunken Conqueror,Morghaz zo Zherzyn
the fat fellow,Fat Fellow
the fifth man,
the gaoler,
The Girl General,Malazza
The Great Walrus,Great Walrus
the Greatheart,Greatheart
The Grey King,Grey King
The Griffin King,Griffin King
the handsome man,Handsome Man
The Horned Lord,Horned Lord
the Horned Lord,Horned Lord
The Huntsman,Harle the Huntsman
the kindly man,Kindly man
the king's herald,
the king's steward,
the Knott,
The Last Hero,Last hero
the Liddle,Torren Liddle
The Little Pigeon,Paezhar zo Myraq
the lordling,Lordling
the miller's boy 1,
the miller's boy 2,
the miller's wife,Miller's Wife
the night walker,
The Nightingale,Nightingale
the Norrey,Brandon Norrey
The Old Grey Gull,Old Grey Gull
The Perfumed Hero,Perfumed Hero
the pisswater prince,Pisswater Prince
The Poetess,Poetess
The Rabbit,Faezhar zo Faez
the Rainbow Knight,Rainbow Knight
the Rat Cook,Rat Cook
The Red Oarsman,Red Oarsman
The Sailor's Wife,Sailor's Wife
The Shrouded Lord,Shrouded Lord
the skinny man,
The Smiling Knight,Smiling Knight
The Sparr,The Sparr
The Spotted Cat,Spotted Cat
the squinter,Squinter
the starved man,Starved man
the stern face,Stern face
The Stonehouse,The Stonehouse
The Tattered Prince,Tattered Prince
The Tickler,The Tickler
The Veiled Lady,Veiled Lady
the waif,Waif
the watcher,
The Weeper,Weeper
the widow of the waterfront,Widow of the waterfront
Theo Frey,Theo Frey
Theo Wull,Theo Wull
Theodan Wells,Theodan Wells
Theomar Smallwood,Theomar Smallwood
Theomore Harlaw,Theomore Harlaw
Theon Greyjoy,Theon Greyjoy
Theon Stark,Theon Stark
Therry,Therry
Thistle,Thistle
Thoren Smallwood,Thoren Smallwood
Thormor Ironmaker,Thormor Ironmaker
Thoros of Myr,Thoros of Myr
Three Toes,Three Toes
three-eyed Crow,Brynden Rivers
three-eyed crow,Brynden Rivers
Three-Tooth,Three-Tooth
Tim Stone,Tim Stone
Tim Tangletongue,Tim Tangletongue
Timeon,Timeon
Timett,Timett
Timon Scrapesword,Scrapesword
Timoth,Timoth
Tion Frey,Tion Frey
Tobbot,Tobbot
Tobho Mott,Tobho Mott
Todder,Todder
Todric,Todric
Toefinger,Toefinger
Tom Barleycorn,Tom Barleycorn
Tom Codd,Tom Codd
Tom Costayne,Tom Costayne
Tom Sevenstrings,Tom of Sevenstreams
Tom Tidewood,Tom Tidewood
Tomard,Tomard
Tommen Baratheon,Tommen Baratheon
Tommen II Lannister,Tommen II Lannister
TomToo,Tom
Toregg,Toregg the Tall
Torghen Flint,Torghen Flint
Torgon Greyiron,Torgon Greyiron
Tormo Fregar,Tormo Fregar
Tormund,Tormund
Torrek,Torrek
Torrhen Karstark,Torrhen Karstark
Torrhen Stark,Torrhen Stark
Torwold Browntooth,Torwold Browntooth
Torwynd,Torwynd
Tregar,Tregar
Tregar Ormollen,Tregar Ormollen
Tremond Gargalen,Tremond Gargalen
Trianna,Trianna
Triarch Belicho,Belicho
Tristan Mudd,Tristan Mudd
Tristan Rivers,Tristan Rivers
Tristifer Botley,Tristifer Botley
Tristifer IV Mudd,Tristifer IV Mudd
Tristifer V Mudd,Tristifer V Mudd
Triston,Triston of Tally Hill
Triston Sunderland,Triston Sunderland
Trystane Martell,Trystane Martell
Tuffleberry,Tuffleberry
Tumberjon,Tumberjon
Tumco Lho,Tumco Lho
Turnip,Turnip
Ty,Ty
Tya Lannister,Tya Lannister
Tycho Nestoris,Tycho Nestoris
Tyene Sand,Tyene Sand
Tygett Lannister,Tygett Lannister
Tymor,Tymor
Tyrek Lannister,Tyrek Lannister
Tyrion Lannister,Tyrion Lannister
Tyrion Tanner,Tyrion Tanner
Tysha,Tysha
Tyta Frey,Tyta Frey
Tytos Blackwood,Tytos Blackwood
Tytos Brax,Tytos Brax
Tytos Frey,Tytos Frey
Tytos Hornwood,Tytos Blackwood
Tytos Lannister,Tytos Lannister
Tywin Lannister,Tywin Lannister
Ulf,Ulf
Uller,Uller
Ulmer,Ulmer
Ulwyck Uller,Ulwyck Uller
Umar,Umar
Umfred,Umfred
Umma,Umma
unnamed assassin,
unnamed Flint,
unnamed Glover,
Unnamed inn patron,
Unnamed Innkeep,
Urho,Urho the Unwashed
Urragon Goodbrother,Urrathon IV Goodbrother
Urras Ironfoot,Urras Greyiron
Urrathon Night-Walker,Urrathon Night-Walker
Urreg,Urreg
Urrigon Greyjoy,Urrigon Greyjoy
Urron Greyiron,Urron Greyiron
Urron Redhand,Urron Greyiron
Urswyck,Urswyck
Urzen,Urzen
Utherydes Wayn,Utherydes Wayn
Utt,Utt
Val,Val
Valarr Targaryen,Valarr Targaryen
Varamyr,Varamyr
Vardis Egen,Vardis Egen
Vargo Hoat,Vargo Hoat
Varly,Varly
Varys,Varys
Vayon Poole,Vayon Poole
Vickon Greyjoy,Vickon Greyjoy
Victarion Greyjoy,Victarion Greyjoy
Violet,Violet
Visenya Targaryen,Visenya Targaryen
Viserys I Targaryen,Viserys I Targaryen
Viserys II Targaryen,Viserys II Targaryen
Viserys Plumm,Viserys Plumm
Viserys Targaryen,Viserys Targaryen
Vogarro,Vogarro
Vylarr,Vylarr
Walda Frey,
Walda Frey 3,
Walda Frey 4,
Walda Rivers,Walda Rivers
Walder Frey,Walder Frey
Walder Rivers,Walder Rivers
Walderan Tarbeck,Walderan Tarbeck
Waldon Wynch,Waldon Wynch
Wallen,Wallen
Walter Whent,Walter Whent
Waltyr Frey,Waltyr Frey
Wat,Wat
Watkyn,Watkyn
Watt of Long Lake,Watt of Long Lake
Watty,Watty the Miller
Waymar Royce,Waymar Royce
Wayn,Wayn
Webber,Webber
Weese,Weese
Wenda,Wenda
Wendamyr,Wendamyr
Wendel Manderly,Wendel Manderly
Wendello Qar Deeth,Wendello Qar Deeth
Werlag,Werlag
Wex Pyke,Wex Pyke
Whalen Frey,Whalen Frey
Whitesmile Wat,Whitesmile Wat
Wick Whittlestick,Wick Whittlestick
widow's son,
Will,Will
Will Humble,Will Humble
Will of the Woods,Will of the Woods
Will Short,Will Short
Will the Stork,Will the Stork
Willam Foxglove,Willam Foxglove
Willam Stark,Willam Stark
Willam Wells,Willam Wells
Willas Tyrell,Willas Tyrell
Willem Darry,Willem Darry
Willem Lannister,Willem Lannister
William,Willam
William Dustin,Willam Dustin
William Foxglove,Willam Foxglove
William Mooton,William Mooton
William Wells,Willam Wells
William Wythers,Willam Wythers
Willis Wode,Willis Wode
Willit,Willit
Willow Heddle,Willow Heddle
Willow Witch-Eye,Willow Witch-eye
wine merchant,Wine merchant
Woth,Woth
Wulfe,Wulfe
Wun Wun,Wun Weg Wun Dar Wun
Wyl,Wyl
Wylis Manderly,Wylis Manderly
Wylla,Wylla
Wylla Manderly,Wylla Manderly
Wyman Manderly,Wyman Manderly
Wynafryd Manderly,Wynafryd Manderly
Wynton Stout,Wynton Stout
Xaro Xhoan Daxos,Xaro Xhoan Daxos
Xhobar Qhoqua,Xhobar Qhoqua
Xhondo,Xhondo Dhoru
Yandry,Yandry
Yellow Dick,Yellow Dick
Yezzan zo Qaggaz,Yezzan zo Qaggaz
Ygritte,Ygritte
Yna,Yna
Ynys Yronwood,Ynys Yronwood
Yohn Royce,Yohn Royce
Yoren,Yoren
Yorko Terys,Yorko Terys
Young Henly,Young Henly
Ysilla,Ysilla
Yurkhaz zo Yunzak,Yurkhaz zo Yunzak
Zahrina,Zahrina
Zei,Zei
Zekko,Zekko
Zharaq the Liberator,Zharaq zo Loraq
Zollo,Zollo
Archmaester Theobald,Theobald
Benjen the Bitter,Benjen Stark (Bitter)
Benjen the Sweet,Benjen Stark (Sweet)
Brandon the Bad,Brandon Stark (Bad)
Edderion the Bridegroom,Edderion Stark
Gorghan,Gorghan of Old Ghis
Walton the Moon King,Walton Stark
Annara Frey,Annara Farring
